,c,h,l,o,s,t,v,wma,ts,date,c_dji,h_dji,l_dji,o_dji,s_dji,t_dji,v_dji,wma_dji,ts_dji,date_dji,day_of_week,day_of_year,is_quarter_end,5wma,vwap,next_1_high,next_1_low,next_3_high,next_3_low,next_5_high,next_5_low,next_7_high,next_7_low,last_1_high,last_1_low,last_3_high,last_3_low,last_5_high,last_5_low,last_7_high,last_7_low
0,4.11,4.12,3.92,4.02,ok,1595376000,2523547,0.0,2020-07-22 00:00:00,2020-07-22,27005.8398,27035.2402,26794.1895,26824.5605,ok,1595424600,404340000,0.0,2020-07-22 13:30:00,2020-07-22,2,204,False,,1.6048839193405154e-06,4.305,4.06,4.305,3.95,4.305,3.92,4.305,3.92,0.0,0.0,0.0,0.0,0.0,0.0,0.0,0.0
1,4.11,4.305,4.06,4.09,ok,1595462400,3237550,0.0,2020-07-23 00:00:00,2020-07-23,26652.3301,26973.8496,26560.0391,26955.9707,ok,1595511000,419800000,0.0,2020-07-23 13:30:00,2020-07-23,3,205,False,,1.2844074480188205e-06,4.23,4.01,4.23,3.92,4.23,3.92,4.25,3.92,4.12,3.92,0.0,0.0,0.0,0.0,0.0,0.0
2,4.03,4.23,4.01,4.06,ok,1595548800,2216295,4.07,2020-07-24 00:00:00,2020-07-24,26469.8906,26625.6992,26402.8594,26533.4102,ok,1595597400,494170000,26620.028633333335,2020-07-24 13:30:00,2020-07-24,4,206,False,,1.8454222023692693e-06,4.12,3.95,4.18,3.92,4.23,3.92,4.7375,3.92,4.305,4.06,0.0,0.0,0.0,0.0,0.0,0.0
3,4.01,4.12,3.95,4.02,ok,1595808000,2472696,4.033333333333334,2020-07-27 00:00:00,2020-07-27,26584.7695,26625.4609,26426.9199,26447.6699,ok,1595856600,400930000,26557.736633333338,2020-07-27 13:30:00,2020-07-27,0,209,False,,1.628451967676846e-06,4.049,3.92,4.23,3.92,4.25,3.92,4.76,3.92,4.23,4.01,0.0,0.0,0.0,0.0,0.0,0.0
4,3.94,4.049,3.92,3.96,ok,1595894400,4555392,3.978333333333334,2020-07-28 00:00:00,2020-07-28,26379.2793,26556.8398,26361.7109,26529.4492,ok,1595943000,361090000,26462.877916666675,2020-07-28 13:30:00,2020-07-28,1,210,False,4.010666666666666,8.714215300607866e-07,4.18,3.92,4.23,3.92,4.7375,3.92,4.76,3.92,4.12,3.95,0.0,0.0,0.0,0.0,0.0,0.0
5,4.06,4.18,3.92,3.94,ok,1595980800,2879626,4.011666666666668,2020-07-29 00:00:00,2020-07-29,26539.5703,26602.4492,26375.3906,26388.4395,ok,1596029400,347580000,26493.67316666668,2020-07-29 13:30:00,2020-07-29,2,211,False,4.017333333333333,1.4075901986345913e-06,4.23,3.97,4.25,3.97,4.76,3.97,4.76,3.97,4.049,3.92,4.305,3.92,0.0,0.0,0.0,0.0
6,4.1,4.23,3.97,4.0,ok,1596067200,2398485,4.060000000000001,2020-07-30 00:00:00,2020-07-30,26313.6504,26374.9297,25992.2793,26367.4199,ok,1596115800,351540000,26399.895183333352,2020-07-30 13:30:00,2020-07-30,3,212,False,4.040666666666667,1.7094123999107773e-06,4.16,3.99,4.7375,3.99,4.76,3.99,4.76,3.99,4.18,3.92,4.305,3.95,0.0,0.0,0.0,0.0
7,4.01,4.16,3.99,4.06,ok,1596153600,1879553,4.048333333333335,2020-07-31 00:00:00,2020-07-31,26428.3203,26440.0195,26013.5898,26409.3301,ok,1596202200,488050000,26408.63866666669,2020-07-31 13:30:00,2020-07-31,4,213,False,4.034666666666666,2.156541120858701e-06,4.25,3.995,4.76,3.995,4.76,3.995,4.76,3.995,4.23,3.97,4.23,3.92,0.0,0.0,0.0,0.0
8,4.15,4.25,3.995,4.03,ok,1596412800,2518010,4.0950000000000015,2020-08-03 00:00:00,2020-08-03,26664.4004,26707.2598,26534.3809,26542.3203,ok,1596461400,439380000,26527.248700000026,2020-08-03 13:30:00,2020-08-03,0,216,False,4.076666666666666,1.6408460119962458e-06,4.7375,4.13,4.76,4.13,4.76,4.06,4.76,4.06,4.16,3.99,4.18,3.92,0.0,0.0,0.0,0.0
9,4.43,4.7375,4.13,4.13,ok,1596499200,10361363,4.2666666666666675,2020-08-04 00:00:00,2020-08-04,26828.4707,26832.7207,26597.8203,26664.6094,ok,1596547800,346350000,26707.088866666698,2020-08-04 13:30:00,2020-08-04,1,217,False,4.2026666666666666,4.277912085504581e-07,4.76,4.245,4.76,4.06,4.76,4.06,4.76,4.06,4.25,3.995,4.23,3.92,4.305,3.92,0.0,0.0
10,4.63,4.76,4.245,4.5,ok,1596585600,4925697,4.483333333333334,2020-08-05 00:00:00,2020-08-05,27201.5195,27221.6699,26924.7793,26924.7793,ok,1596634200,366000000,26987.650050000037,2020-08-05 13:30:00,2020-08-05,2,218,False,4.362666666666667,9.227120547609808e-07,4.655,4.3801,4.655,4.06,4.655,4.06,4.83,4.06,4.7375,4.13,4.23,3.92,4.305,3.92,0.0,0.0
11,4.43,4.655,4.3801,4.6,ok,1596672000,1901224,4.496666666666667,2020-08-06 00:00:00,2020-08-06,27386.9805,27394.0996,27145.25,27170.8203,ok,1596720600,322460000,27232.07520000004,2020-08-06 13:30:00,2020-08-06,3,219,False,4.418000000000001,2.3607774079575405e-06,4.4,4.06,4.57,4.06,4.71,4.06,4.83,4.06,4.76,4.245,4.25,3.97,4.23,3.92,0.0,0.0
12,4.16,4.4,4.06,4.39,ok,1596758400,3341099,4.328333333333334,2020-08-07 00:00:00,2020-08-07,27433.4805,27456.2402,27223.5508,27321.6797,ok,1596807000,321170000,27379.32033333338,2020-08-07 13:30:00,2020-08-07,4,220,False,4.3613333333333335,1.259066752187429e-06,4.57,4.18,4.63,4.18,4.83,4.18,4.87,4.18,4.655,4.3801,4.7375,3.99,4.23,3.92,0.0,0.0
13,4.33,4.57,4.18,4.2,ok,1597017600,4561772,4.290000000000002,2020-08-10 00:00:00,2020-08-10,27791.4395,27803.8594,27488.2109,27488.2109,ok,1597066200,360340000,27604.71000000005,2020-08-10 13:30:00,2020-08-10,0,223,False,4.351333333333333,9.55768942419744e-07,4.57,4.34,4.71,4.34,4.83,4.34,4.87,4.34,4.4,4.06,4.76,3.995,4.25,3.92,4.305,3.92
14,4.35,4.57,4.34,4.43,ok,1597104000,3139105,4.311666666666668,2020-08-11 00:00:00,2020-08-11,27686.9102,28154.8809,27624.5098,27961.6406,ok,1597152600,428220000,27679.51501666672,2020-08-11 13:30:00,2020-08-11,1,224,False,4.335999999999999,1.4080446496692528e-06,4.63,4.36,4.83,4.36,4.87,4.36,4.87,4.36,4.57,4.18,4.76,4.13,4.7375,3.92,4.305,3.92
15,4.52,4.63,4.36,4.4,ok,1597190400,3057594,4.431666666666669,2020-08-12 00:00:00,2020-08-12,27976.8398,28043.8906,27843.3203,27860.2402,ok,1597239000,340210000,27849.29655000006,2020-08-12 13:30:00,2020-08-12,2,225,False,4.382666666666666,1.4728356130124971e-06,4.71,4.4966,4.83,4.4966,4.87,4.435,5.6,4.435,4.57,4.34,4.76,4.06,4.76,3.97,4.25,3.92
16,4.64,4.71,4.4966,4.52,ok,1597276800,2128313,4.551666666666669,2020-08-13 00:00:00,2020-08-13,27896.7207,27986.0996,27789.7793,27922.5098,ok,1597325400,360160000,27888.458650000073,2020-08-13 13:30:00,2020-08-13,3,226,False,4.476666666666666,2.16863465727707e-06,4.83,4.545,4.87,4.435,4.87,4.435,5.6,4.435,4.63,4.36,4.655,4.06,4.76,3.99,4.7375,3.92
17,4.75,4.83,4.545,4.6,ok,1597363200,3474692,4.675000000000003,2020-08-14 00:00:00,2020-08-14,27931.0195,27977.8105,27759.3906,27828.9297,ok,1597411800,275540000,27927.223283333413,2020-08-14 13:30:00,2020-08-14,4,227,False,4.593333333333333,1.3550361681937085e-06,4.78,4.555,4.87,4.435,5.6,4.435,5.6,4.435,4.71,4.4966,4.57,4.06,4.76,3.995,4.76,3.92
18,4.63,4.78,4.555,4.78,ok,1597622400,2370970,4.67166666666667,2020-08-17 00:00:00,2020-08-17,27844.9102,27999.8105,27816.4004,27970.0508,ok,1597671000,286860000,27882.248383333423,2020-08-17 13:30:00,2020-08-17,0,230,False,4.6306666666666665,1.9633314634938446e-06,4.87,4.435,4.87,4.435,5.6,4.435,5.6,4.435,4.83,4.545,4.63,4.18,4.76,4.06,4.76,3.92
19,4.81,4.87,4.435,4.61,ok,1597708800,3834840,4.740000000000004,2020-08-18 00:00:00,2020-08-18,27778.0703,27891.1191,27668.7891,27853.4805,ok,1597757400,276170000,27825.8418000001,2020-08-18 13:30:00,2020-08-18,1,231,False,4.707999999999999,1.2269090757371883e-06,4.84,4.64,5.6,4.51,5.6,4.51,5.6,4.51,4.78,4.555,4.71,4.34,4.76,4.06,4.76,3.97
20,4.72,4.84,4.64,4.8,ok,1597795200,2612583,4.735000000000004,2020-08-19 00:00:00,2020-08-19,27692.8809,27920.4199,27647.6699,27811.2598,ok,1597843800,311460000,27746.615583333445,2020-08-19 13:30:00,2020-08-19,2,232,False,4.724666666666666,1.811744673119795e-06,4.68,4.51,5.6,4.51,5.6,4.51,5.6,4.51,4.87,4.435,4.83,4.36,4.655,4.06,4.76,3.99
21,4.61,4.68,4.51,4.62,ok,1597881600,2441184,4.680000000000005,2020-08-20 00:00:00,2020-08-20,27739.7305,27781.4609,27526.25,27622.6797,ok,1597930200,304550000,27730.503933333453,2020-08-20 13:30:00,2020-08-20,3,233,False,4.691333333333333,1.8843315374834509e-06,5.6,4.595,5.6,4.56,5.6,4.56,7.15,4.56,4.84,4.64,4.83,4.4966,4.71,4.06,4.76,3.995
22,5.03,5.6,4.595,4.6,ok,1597968000,10642591,4.838333333333339,2020-08-21 00:00:00,2020-08-21,27930.3301,27959.4805,27686.7793,27758.1309,ok,1598016600,372720000,27827.22203333346,2020-08-21 13:30:00,2020-08-21,4,234,False,4.8,4.768575622233346e-07,5.13,4.56,5.25,4.56,5.565,4.56,7.82,4.56,4.68,4.51,4.87,4.435,4.83,4.18,4.76,4.06
23,4.87,5.13,4.56,5.1,ok,1598227200,4585366,4.880000000000005,2020-08-24 00:00:00,2020-08-24,28308.4609,28314.9395,28041.75,28077.5801,ok,1598275800,383880000,28087.62890000013,2020-08-24 13:30:00,2020-08-24,0,237,False,4.836666666666668,1.0584396825320668e-06,5.25,4.88,5.3799,4.88,7.15,4.88,8.05,4.88,5.6,4.595,4.87,4.435,4.83,4.34,4.76,4.06
24,4.98,5.25,4.88,4.88,ok,1598313600,2998678,4.951666666666672,2020-08-25 00:00:00,2020-08-25,28248.4395,28400.7402,28094.5703,28347.4199,ok,1598362200,338420000,28215.42840000014,2020-08-25 13:30:00,2020-08-25,1,238,False,4.894000000000001,1.6796290454215713e-06,5.22,4.9199,5.565,4.9199,7.82,4.9199,8.45,4.9199,5.13,4.56,4.87,4.435,4.87,4.36,4.83,4.06
25,5.11,5.22,4.9199,4.97,ok,1598400000,2779664,5.026666666666672,2020-08-26 00:00:00,2020-08-26,28331.9199,28353.8008,28153.9102,28257.8809,ok,1598448600,327070000,28300.183266666816,2020-08-26 13:30:00,2020-08-26,2,239,False,4.983333333333333,1.8287462081748012e-06,5.3799,5.02,7.15,5.02,8.05,5.02,8.45,5.02,5.25,4.88,5.6,4.51,4.87,4.435,4.83,4.06
26,5.25,5.3799,5.02,5.11,ok,1598486400,3384658,5.1583333333333385,2020-08-27 00:00:00,2020-08-27,28492.2695,28634.2207,28363.9297,28384.0703,ok,1598535000,404340000,28398.181300000153,2020-08-27 13:30:00,2020-08-27,3,240,False,5.093333333333334,1.5412586244558041e-06,5.565,5.215,7.82,5.215,8.45,5.215,8.45,5.215,5.22,4.9199,5.6,4.51,4.87,4.435,4.87,4.18
27,5.39,5.565,5.215,5.3,ok,1598572800,4236926,5.296666666666671,2020-08-28 00:00:00,2020-08-28,28653.8691,28733.3496,28487.9805,28601.2891,ok,1598621400,369740000,28546.344366666828,2020-08-28 13:30:00,2020-08-28,4,241,False,5.207333333333334,1.2721487229184556e-06,7.15,5.69,8.05,5.69,8.45,5.69,8.45,5.69,5.3799,5.02,5.6,4.56,5.6,4.435,4.87,4.34
28,6.68,7.15,5.69,5.77,ok,1598832000,37975999,6.011666666666671,2020-08-31 00:00:00,2020-08-31,28430.0508,28643.6602,28363.5508,28643.6602,ok,1598880600,517320000,28515.026683333504,2020-08-31 13:30:00,2020-08-31,0,244,False,5.727333333333333,1.7133628707612582e-07,7.82,6.77,8.45,6.77,8.45,6.77,8.45,6.19,5.565,5.215,5.25,4.56,5.6,4.435,4.87,4.36
29,7.65,7.82,6.77,7.3,ok,1598918400,23211046,6.9500000000000055,2020-09-01 00:00:00,2020-09-01,28645.6602,28659.2598,28290.7207,28439.6094,ok,1598967000,423410000,28575.15855000018,2020-09-01 13:30:00,2020-09-01,1,245,False,6.45,3.193881625728256e-07,8.05,7.11,8.45,7.11,8.45,7.11,8.45,5.87,7.15,5.69,5.3799,4.88,5.6,4.51,5.6,4.435
30,7.71,8.05,7.11,7.8,ok,1599004800,13011113,7.518333333333338,2020-09-02 00:00:00,2020-09-02,29100.5,29162.8809,28713.5293,28736.7891,ok,1599053400,539510000,28837.145200000185,2020-09-02 13:30:00,2020-09-02,2,246,False,7.014666666666667,5.859093940182776e-07,8.45,7.24,8.45,7.17,8.45,6.19,8.45,5.87,7.82,6.77,5.565,4.9199,5.6,4.51,5.6,4.435
31,7.82,8.45,7.24,7.88,ok,1599091200,14344502,7.755000000000005,2020-09-03 00:00:00,2020-09-03,28292.7305,29199.3496,28074.7598,29090.6992,ok,1599139800,650080000,28620.80861666686,2020-09-03 13:30:00,2020-09-03,3,247,False,7.442666666666668,5.463184895973848e-07,7.92,7.17,8.28,7.17,8.28,5.87,8.28,5.87,8.05,7.11,7.15,5.02,5.6,4.56,5.6,4.435
32,7.65,7.92,7.17,7.78,ok,1599177600,7661994,7.716666666666672,2020-09-04 00:00:00,2020-09-04,28133.3105,28539.75,27664.6797,28341.0508,ok,1599226200,694640000,28347.6487500002,2020-09-04 13:30:00,2020-09-04,4,248,False,7.642666666666667,9.892986081691008e-07,8.28,7.48,8.28,6.19,8.28,5.87,9.04,5.87,8.45,7.24,7.82,5.215,5.565,4.56,5.6,4.435
33,7.7,8.28,7.48,7.55,ok,1599523200,9816620,7.703333333333339,2020-09-08 00:00:00,2020-09-08,27500.8906,27925.2305,27464.9004,27925.2305,ok,1599571800,580860000,27843.67055000021,2020-09-08 13:30:00,2020-09-08,1,252,False,7.708666666666667,7.966082011934862e-07,7.99,7.31,7.99,5.87,7.99,5.87,9.77,5.87,7.92,7.17,8.05,5.69,7.15,4.88,5.6,4.51
34,7.35,7.99,7.31,7.96,ok,1599609600,9068082,7.516666666666673,2020-09-09 00:00:00,2020-09-09,27940.4707,28206.2109,27704.5391,27711.7109,ok,1599658200,460590000,27826.08396666688,2020-09-09 13:30:00,2020-09-09,2,253,False,7.590000000000001,8.325906183909674e-07,6.95,6.19,7.0,5.87,9.04,5.87,9.77,5.87,8.28,7.48,8.45,6.77,7.82,4.9199,5.6,4.51
35,6.23,6.95,6.19,6.65,ok,1599696000,15558278,6.848333333333341,2020-09-10 00:00:00,2020-09-10,27534.5801,28174.7793,27447.0801,28022.5098,ok,1599744600,442850000,27664.262050000223,2020-09-10 13:30:00,2020-09-10,3,254,False,7.118,4.1499879785325004e-07,6.33,5.87,7.26,5.87,9.77,5.87,9.77,5.87,7.99,7.31,8.45,7.11,8.05,5.02,7.15,4.56
36,6.09,6.33,5.87,6.26,ok,1599782400,6061190,6.346666666666676,2020-09-11 00:00:00,2020-09-11,27665.6406,27828.8203,27448.1504,27613.8594,ok,1599831000,435330000,27667.758783333567,2020-09-11 13:30:00,2020-09-11,4,255,False,6.6979999999999995,1.0058530860551586e-06,7.0,6.43,9.04,6.43,9.77,6.43,11.1699,6.43,6.95,6.19,8.45,7.17,8.45,5.215,7.82,4.56
37,6.91,7.0,6.43,6.8,ok,1600041600,10118972,6.523333333333343,2020-09-14 00:00:00,2020-09-14,27993.3301,28086.0605,27718.7402,27718.7402,ok,1600090200,380750000,27807.641933333576,2020-09-14 13:30:00,2020-09-14,0,258,False,6.666666666666667,6.700285364956045e-07,7.26,6.685,9.77,6.685,9.77,6.685,11.1699,6.685,6.33,5.87,8.28,7.17,8.45,5.69,8.05,4.88
38,7.09,7.26,6.685,6.86,ok,1600128000,5743489,6.863333333333344,2020-09-15 00:00:00,2020-09-15,27995.5996,28231.0605,27931.4492,28139.7598,ok,1600176600,414520000,27939.84993333359,2020-09-15 13:30:00,2020-09-15,1,259,False,6.744666666666666,1.220802663096711e-06,9.04,7.03,9.77,7.03,11.1699,7.03,11.1699,7.03,7.0,6.43,8.28,6.19,8.45,6.77,8.45,4.9199
39,8.68,9.04,7.03,7.03,ok,1600214400,19346508,7.855000000000011,2020-09-16 00:00:00,2020-09-16,28032.3809,28364.7695,28021.6699,28031.6895,ok,1600263000,416650000,28013.612000000267,2020-09-16 13:30:00,2020-09-16,2,260,False,7.3933333333333335,4.264335455266656e-07,9.77,8.41,9.77,8.38,11.1699,8.38,11.1699,8.38,7.26,6.685,7.99,5.87,8.45,7.11,8.45,5.02
40,9.2,9.77,8.41,8.57,ok,1600300800,17026720,8.675000000000011,2020-09-17 00:00:00,2020-09-17,27901.9805,28056.7891,27647.9297,27834.1797,ok,1600349400,437230000,27961.050483333605,2020-09-17 13:30:00,2020-09-17,3,261,False,8.126666666666667,5.360202473915508e-07,9.77,8.91,11.1699,8.38,11.1699,8.38,11.1699,8.38,9.04,7.03,7.0,5.87,8.45,6.19,8.45,5.215
41,9.47,9.77,8.91,9.2,ok,1600387200,17407513,9.248333333333347,2020-09-18 00:00:00,2020-09-18,27657.4199,27946.6895,27487.9707,27864.8691,ok,1600435800,698710000,27801.43360000028,2020-09-18 13:30:00,2020-09-18,4,262,False,8.752,5.39039283402134e-07,9.6,8.38,11.1699,8.38,11.1699,8.38,11.1699,8.38,9.77,8.41,7.26,5.87,8.28,5.87,8.45,5.69
42,8.75,9.6,8.38,9.35,ok,1600646400,7639806,9.065000000000014,2020-09-21 00:00:00,2020-09-21,27147.6992,27484.7109,26715.1504,27484.7109,ok,1600695000,523660000,27443.319650000285,2020-09-21 13:30:00,2020-09-21,0,265,False,8.912,1.1662599809471601e-06,11.1699,9.9,11.1699,9.01,11.1699,9.01,11.1699,9.01,9.77,8.91,9.04,6.43,8.28,5.87,8.45,6.19
43,10.56,11.1699,9.9,10.45,ok,1600732800,34752484,9.775000000000015,2020-09-22 00:00:00,2020-09-22,27288.1797,27333.0898,26989.9297,27170.3398,ok,1600781400,420720000,27302.892900000294,2020-09-22 13:30:00,2020-09-22,1,266,False,9.552666666666669,3.033826301452293e-07,10.86,9.92,10.86,9.01,10.86,9.01,10.86,9.01,9.6,8.38,9.77,6.685,7.99,5.87,8.45,5.87
44,10.04,10.86,9.92,10.6,ok,1600819200,10651152,9.998333333333349,2020-09-23 00:00:00,2020-09-23,26763.1309,27464.4609,26716.1191,27413.5996,ok,1600867800,459470000,27002.24188333363,2020-09-23 13:30:00,2020-09-23,2,267,False,9.788666666666666,9.645279058390428e-07,9.81,9.01,10.26,9.01,10.7597,9.01,10.7597,9.01,11.1699,9.9,9.77,7.03,9.04,5.87,8.45,5.87
45,9.14,9.81,9.01,9.71,ok,1600905600,7938838,9.676666666666684,2020-09-24 00:00:00,2020-09-24,26815.4395,27094.8496,26537.0098,26716.0898,ok,1600954200,447810000,26876.793333333637,2020-09-24 13:30:00,2020-09-24,3,268,False,9.633999999999999,1.1739753349293688e-06,10.1826,9.1,10.65,9.1,10.7597,9.1,10.7597,9.1,10.86,9.92,9.77,8.38,9.77,5.87,8.28,5.87
46,10.02,10.1826,9.1,9.19,ok,1600992000,7515157,9.730000000000018,2020-09-25 00:00:00,2020-09-25,27173.9609,27239.2891,26635.3809,26694.5098,ok,1601040600,388900000,26985.982100000303,2020-09-25 13:30:00,2020-09-25,4,269,False,9.776666666666666,1.2997111481946863e-06,10.26,9.55,10.7597,9.55,10.7597,9.3,10.7597,9.1,9.81,9.01,11.1699,8.38,9.77,6.43,9.04,5.87
47,10.09,10.26,9.55,10.16,ok,1601251200,6764323,9.908333333333353,2020-09-28 00:00:00,2020-09-28,27584.0605,27722.5996,27362.1406,27362.1406,ok,1601299800,401860000,27319.257133333642,2020-09-28 13:30:00,2020-09-28,0,272,False,9.906,1.4734167287201788e-06,10.65,9.93,10.7597,9.69,10.7597,9.2502,10.7597,9.1,10.1826,9.1,11.1699,8.38,9.77,6.685,9.77,5.87
48,10.35,10.65,9.93,10.0,ok,1601337600,5244339,10.208333333333353,2020-09-29 00:00:00,2020-09-29,27452.6602,27605.5996,27338.0898,27560.2402,ok,1601386200,303820000,27450.01041666698,2020-09-29 13:30:00,2020-09-29,1,273,False,10.032666666666668,1.96592935735085e-06,10.7597,10.06,10.7597,9.3,10.7597,9.1,13.64,9.1,10.26,9.55,11.1699,9.01,11.1699,7.03,9.77,5.87
49,10.2,10.7597,10.06,10.25,ok,1601424000,6079033,10.231666666666689,2020-09-30 00:00:00,2020-09-30,27781.6992,28026.3301,27511.0605,27514.6406,ok,1601472600,452550000,27639.079750000325,2020-09-30 13:30:00,2020-09-30,2,274,True,10.123333333333333,1.7009119707032352e-06,10.25,9.69,10.25,9.2502,10.25,9.1,14.8,9.1,10.65,9.93,10.86,9.01,11.1699,8.38,9.77,5.87
50,9.77,10.25,9.69,10.09,ok,1601510400,4554055,10.010000000000021,2020-10-01 00:00:00,2020-10-01,27816.9004,28041.4609,27669.2598,27940.6309,ok,1601559000,373450000,27744.459966666996,2020-10-01 13:30:00,2020-10-01,3,275,False,10.059999999999999,2.174618737220638e-06,9.78,9.3,9.835,9.1,13.64,9.1,14.8,9.1,10.7597,10.06,10.26,9.01,11.1699,8.38,11.1699,6.43
51,9.39,9.78,9.3,9.38,ok,1601596800,4340484,9.65166666666669,2020-10-02 00:00:00,2020-10-02,27682.8105,27861.4297,27382.9395,27536.3906,ok,1601645400,392770000,27743.988583333674,2020-10-02 13:30:00,2020-10-02,4,276,False,9.828000000000001,2.186392116639527e-06,9.59,9.2502,9.835,9.1,14.8,9.1,14.8,9.1,10.25,9.69,10.65,9.1,11.1699,8.38,11.1699,6.685
52,9.46,9.59,9.2502,9.44,ok,1601856000,2804969,9.488333333333358,2020-10-05 00:00:00,2020-10-05,28148.6406,28162.6406,27825.4199,27825.4199,ok,1601904600,318210000,27938.07386666702,2020-10-05 13:30:00,2020-10-05,0,279,False,9.661333333333335,3.363103121638778e-06,9.835,9.1,13.64,9.1,14.8,9.1,14.8,9.1,9.78,9.3,10.7597,9.55,11.1699,9.01,11.1699,7.03
53,9.13,9.835,9.1,9.56,ok,1601942400,4535421,9.28333333333336,2020-10-06 00:00:00,2020-10-06,27772.7598,28354.4805,27728.0293,28214.2402,ok,1601991000,435030000,27883.061850000362,2020-10-06 13:30:00,2020-10-06,1,280,False,9.426666666666668,2.0626530591096178e-06,9.56,9.1678,14.8,9.1678,14.8,9.1678,15.1,9.1678,9.59,9.2502,10.7597,9.69,10.86,9.01,11.1699,8.38
54,9.36,9.56,9.1678,9.23,ok,1602028800,3308644,9.300000000000027,2020-10-07 00:00:00,2020-10-07,28303.4609,28369.6602,27971.3594,27971.3594,ok,1602077400,328750000,28100.75715000037,2020-10-07 13:30:00,2020-10-07,2,281,False,9.35,2.8297393131445995e-06,13.64,9.19,14.8,9.19,14.8,9.19,15.1,9.19,9.835,9.1,10.7597,9.3,10.7597,9.01,11.1699,8.38
55,13.49,13.64,9.19,9.54,ok,1602115200,76453557,11.386666666666697,2020-10-08 00:00:00,2020-10-08,28425.5098,28459.1309,28265.5605,28348.8594,ok,1602163800,314750000,28276.035166667047,2020-10-08 13:30:00,2020-10-08,3,282,False,10.706,1.5835321653728507e-07,14.8,11.9,14.8,11.4,15.1,11.4,15.1,11.4,9.56,9.1678,10.25,9.2502,10.7597,9.1,11.1699,8.38
56,12.02,14.8,11.9,12.83,ok,1602201600,77152780,12.066666666666698,2020-10-09 00:00:00,2020-10-09,28586.9004,28676.2891,28440.6309,28533.6094,ok,1602250200,324050000,28485.86361666706,2020-10-09 13:30:00,2020-10-09,4,283,False,11.324,1.672871238945203e-07,12.7662,11.4,12.7662,11.4,15.1,11.4,15.1,11.4,13.64,9.19,9.835,9.1,10.7597,9.3,11.1699,9.01
57,11.8,12.7662,11.4,11.66,ok,1602460800,23655701,12.155000000000035,2020-10-12 00:00:00,2020-10-12,28837.5195,28957.9004,28659.6699,28671.1191,ok,1602509400,493680000,28685.311516667065,2020-10-12 13:30:00,2020-10-12,0,286,False,11.693333333333332,5.068010173671596e-07,12.42,11.65,15.1,11.65,15.1,11.65,15.1,11.65,14.8,11.9,9.835,9.1,10.7597,9.2502,10.86,9.01
58,11.88,12.42,11.65,11.73,ok,1602547200,10179708,11.876666666666702,2020-10-13 00:00:00,2020-10-13,28679.8105,28808.8398,28604.3496,28764.9492,ok,1602595800,526110000,28716.895150000415,2020-10-13 13:30:00,2020-10-13,1,287,False,11.933333333333334,1.1771784940524164e-06,12.68,12.05,15.1,11.99,15.1,11.99,15.87,11.99,12.7662,11.4,13.64,9.1,10.7597,9.1,10.7597,9.01
59,12.25,12.68,12.05,12.67,ok,1602633600,10776762,12.051666666666705,2020-10-14 00:00:00,2020-10-14,28514.0,28792.5605,28461.7305,28731.3008,ok,1602682200,370800000,28623.19008333376,2020-10-14 13:30:00,2020-10-14,2,288,False,12.113333333333335,1.1438191422123517e-06,15.1,11.99,15.1,11.99,15.1,11.99,15.87,11.99,12.42,11.65,14.8,9.1678,10.25,9.1,10.7597,9.1
60,13.83,15.1,11.99,11.99,ok,1602720000,39894822,12.978333333333373,2020-10-15 00:00:00,2020-10-15,28494.1992,28535.8496,28181.5391,28323.4004,ok,1602768600,328940000,28531.734683333776,2020-10-15 13:30:00,2020-10-15,3,289,False,12.627333333333334,3.4189900634222657e-07,13.9,13.08,14.5,13.08,15.87,13.08,15.87,13.08,12.68,12.05,14.8,9.19,13.64,9.1,10.7597,9.1
61,13.31,13.9,13.08,13.77,ok,1602806400,11651578,13.306666666666706,2020-10-16 00:00:00,2020-10-16,28606.3105,28842.9004,28570.7207,28570.7207,ok,1602855000,356140000,28553.55498333379,2020-10-16 13:30:00,2020-10-16,4,290,False,12.945333333333334,1.1526335746110955e-06,14.5,13.38,14.5,13.38,15.87,13.38,15.87,12.36,15.1,11.99,14.8,11.4,14.8,9.1,10.7597,9.1
62,13.91,14.5,13.38,13.44,ok,1603065600,13169073,13.696666666666706,2020-10-19 00:00:00,2020-10-19,28195.4199,28711.9297,28139.4004,28633.5508,ok,1603114200,358700000,28382.1799833338,2020-10-19 13:30:00,2020-10-19,0,293,False,13.377333333333334,1.0577813639578125e-06,14.143,13.665,15.87,13.665,15.87,13.26,15.87,11.78,13.9,13.08,12.7662,11.4,14.8,9.1,13.64,9.1
63,13.86,14.143,13.665,14.03,ok,1603152000,6603951,13.78500000000004,2020-10-20 00:00:00,2020-10-20,28308.7891,28575.0293,28243.0391,28245.8496,ok,1603200600,350220000,28320.586266667146,2020-10-20 13:30:00,2020-10-20,1,294,False,13.652000000000003,2.103185401183827e-06,14.42,13.8,15.87,13.8,15.87,12.36,15.87,11.6801,14.5,13.38,15.1,11.65,14.8,9.1678,14.8,9.1
64,14.1,14.42,13.8,13.9,ok,1603238400,5361928,13.988333333333372,2020-10-21 00:00:00,2020-10-21,28210.8203,28450.6406,28196.3906,28270.6602,ok,1603287000,299420000,28240.909833333822,2020-10-21 13:30:00,2020-10-21,2,295,False,13.874666666666666,2.630894459356162e-06,15.87,14.19,15.87,13.26,15.87,11.78,15.87,10.36,14.143,13.665,15.1,11.99,14.8,9.19,14.8,9.1
65,14.91,15.87,14.19,14.2,ok,1603324800,16212232,14.46500000000004,2020-10-22 00:00:00,2020-10-22,28363.6602,28421.3105,28040.1797,28197.4199,ok,1603373400,330320000,28303.568383333837,2020-10-22 13:30:00,2020-10-22,3,296,False,14.244000000000002,9.246105039700887e-07,15.38,14.55,15.45,12.36,15.45,11.6801,15.45,10.36,14.42,13.8,15.1,11.99,15.1,11.4,14.8,9.1
66,15.0,15.38,14.55,15.05,ok,1603411200,6507324,14.820000000000041,2020-10-23 00:00:00,2020-10-23,28335.5703,28436.5195,28149.8203,28409.6504,ok,1603459800,347300000,28324.141933333845,2020-10-23 13:30:00,2020-10-23,4,297,False,14.571333333333333,2.301509294245479e-06,15.45,13.26,15.45,11.78,15.45,10.36,15.45,10.36,15.87,14.19,14.5,13.08,15.1,11.4,14.8,9.1
67,13.45,15.45,13.26,14.93,ok,1603670400,13376269,14.210000000000038,2020-10-26 00:00:00,2020-10-26,27685.3809,28185.8203,27370.1602,28185.8203,ok,1603719000,404150000,28015.157250000524,2020-10-26 13:30:00,2020-10-26,0,300,False,14.269333333333334,1.050616829949617e-06,13.71,12.36,13.71,11.6801,13.71,10.36,13.71,10.36,15.38,14.55,14.5,13.38,15.1,11.65,15.1,9.1678
68,12.69,13.71,12.36,13.71,ok,1603756800,7231006,13.32833333333337,2020-10-27 00:00:00,2020-10-27,27463.1895,27707.6895,27457.9609,27651.1797,ok,1603805400,366400000,27682.650100000534,2020-10-27 13:30:00,2020-10-27,1,301,False,13.744666666666665,1.7867500040796536e-06,13.05,11.78,13.05,10.36,13.05,10.36,13.05,10.36,15.45,13.26,15.87,13.665,15.1,11.99,15.1,9.19
69,11.82,13.05,11.78,12.27,ok,1603843200,6388580,12.381666666666703,2020-10-28 00:00:00,2020-10-28,26519.9492,27102.1406,26497.3906,27102.1406,ok,1603891800,496150000,27028.60125000054,2020-10-28 13:30:00,2020-10-28,2,302,False,13.008,1.9122663669652204e-06,12.25,11.6801,12.25,10.36,12.25,10.36,12.25,10.36,13.71,12.36,15.87,13.8,15.1,11.99,15.1,11.4
70,11.73,12.25,11.6801,11.88,ok,1603929600,4165843,11.920000000000035,2020-10-29 00:00:00,2020-10-29,26659.1094,26891.8906,26290.7793,26480.9805,ok,1603978200,419770000,26746.736016667215,2020-10-29 13:30:00,2020-10-29,3,303,False,12.393333333333334,2.8533720545877508e-06,11.64,10.36,11.86,10.36,11.86,10.36,12.93,10.36,13.05,11.78,15.87,13.26,15.87,13.08,15.1,11.4
71,10.47,11.64,10.36,11.64,ok,1604016000,11562367,11.115000000000038,2020-10-30 00:00:00,2020-10-30,26501.5996,26639.1797,26143.7695,26572.2695,ok,1604064600,504820000,26557.161133333895,2020-10-30 13:30:00,2020-10-30,4,304,False,11.570666666666666,9.360828395546805e-07,11.09,10.5,11.86,10.5,12.17,10.5,12.93,10.5,12.25,11.6801,15.45,12.36,15.87,13.38,15.1,11.65
72,10.75,11.09,10.5,10.82,ok,1604275200,5227011,10.820000000000038,2020-11-02 00:00:00,2020-11-02,26925.0508,27043.4805,26691.2793,26691.2793,ok,1604327400,379990000,26739.576833333907,2020-11-02 14:30:00,2020-11-02,0,307,False,11.143333333333334,2.0623641312405886e-06,11.86,10.63,11.86,10.61,12.93,10.61,12.93,10.61,11.64,10.36,15.45,11.78,15.87,13.26,15.87,11.99
73,11.57,11.86,10.63,10.75,ok,1604361600,7454472,11.113333333333372,2020-11-03 00:00:00,2020-11-03,27480.0293,27640.2109,27138.6895,27138.6895,ok,1604413800,350980000,27131.964850000582,2020-11-03 14:30:00,2020-11-03,1,308,False,11.169333333333332,1.5230231374312404e-06,11.7699,10.61,12.17,10.61,12.93,10.61,12.93,10.61,11.09,10.5,13.71,11.6801,15.87,12.36,15.87,11.99
74,10.91,11.7699,10.61,11.76,ok,1604448000,5807871,11.103333333333374,2020-11-04 00:00:00,2020-11-04,27847.6602,28301.5,27512.8301,27512.8301,ok,1604500200,447860000,27571.348333333925,2020-11-04 14:30:00,2020-11-04,2,309,False,11.05,1.9106198008415363e-06,11.84,11.06,12.93,11.06,12.93,10.83,12.93,10.83,11.86,10.63,13.05,10.36,15.87,11.78,15.87,13.08
75,11.45,11.84,11.06,11.27,ok,1604534400,4705245,11.290000000000042,2020-11-05 00:00:00,2020-11-05,28390.1797,28495.0508,28083.3691,28083.3691,ok,1604586600,390140000,28057.648133333936,2020-11-05 14:30:00,2020-11-05,3,310,False,11.171333333333333,2.4334545810048145e-06,12.17,11.32,12.93,10.83,12.93,10.83,12.93,10.72,11.7699,10.61,12.25,10.36,15.45,11.6801,15.87,12.36
76,11.86,12.17,11.32,11.52,ok,1604620800,5518243,11.565000000000042,2020-11-06 00:00:00,2020-11-06,28323.4004,28431.9609,28189.5,28399.1309,ok,1604673000,326710000,28266.370133333945,2020-11-06 14:30:00,2020-11-06,4,311,False,11.448,2.1353415087616354e-06,12.93,11.25,12.93,10.83,12.93,10.83,12.93,10.72,11.84,11.06,11.86,10.36,15.45,10.36,15.87,11.78
77,11.49,12.93,11.25,12.76,ok,1604880000,6244865,11.606666666666712,2020-11-09 00:00:00,2020-11-09,29157.9707,29933.8301,29130.6602,29467.9004,ok,1604932200,673310000,28751.81543333396,2020-11-09 14:30:00,2020-11-09,0,314,False,11.508666666666667,1.90396429706647e-06,11.66,10.83,11.95,10.83,12.6602,10.72,12.6602,10.72,12.17,11.32,11.86,10.5,13.71,10.36,15.87,11.6801
78,11.1,11.66,10.83,11.5,ok,1604966400,3825963,11.356666666666712,2020-11-10 00:00:00,2020-11-10,29420.9199,29478.8594,29126.9902,29254.1699,ok,1605018600,526980000,29150.350250000633,2020-11-10 14:30:00,2020-11-10,1,315,False,11.389999999999999,2.9264963269813816e-06,11.95,11.21,11.95,10.97,12.6602,10.72,12.79,10.72,12.93,11.25,11.86,10.61,13.05,10.36,15.87,10.36
79,11.75,11.95,11.21,11.5,ok,1605052800,4882569,11.490000000000045,2020-11-11 00:00:00,2020-11-11,29397.6309,29593.1094,29281.2207,29524.3496,ok,1605105000,376700000,29365.450533333977,2020-11-11 14:30:00,2020-11-11,2,316,False,11.519333333333332,2.3833081860526015e-06,11.87,10.97,12.6602,10.72,12.6602,10.72,13.46,10.72,11.66,10.83,12.17,10.61,12.25,10.36,15.45,10.36
80,11.13,11.87,10.97,11.74,ok,1605139200,4355892,11.331666666666711,2020-11-12 00:00:00,2020-11-12,29080.1699,29311.8301,28902.1309,29231.9102,ok,1605191400,369320000,29242.781900000653,2020-11-12 14:30:00,2020-11-12,3,317,False,11.386000000000001,2.5995440964407135e-06,11.55,11.0,12.6602,10.72,12.79,10.72,14.12,10.72,11.95,11.21,12.93,11.06,11.86,10.36,15.45,10.36
81,11.01,11.55,11.0,11.36,ok,1605225600,3546171,11.173333333333376,2020-11-13 00:00:00,2020-11-13,29479.8105,29559.25,29203.9004,29203.9004,ok,1605277800,348810000,29332.900366667327,2020-11-13 14:30:00,2020-11-13,4,318,False,11.234,3.154576208159919e-06,12.6602,10.72,12.6602,10.72,13.46,10.72,14.26,10.72,11.87,10.97,12.93,10.83,12.17,10.5,13.71,10.36
82,12.06,12.6602,10.72,11.16,ok,1605484800,9774824,11.555000000000044,2020-11-16 00:00:00,2020-11-16,29950.4395,29964.2891,29672.3594,29672.3594,ok,1605537000,418290000,29648.518233334005,2020-11-16 14:30:00,2020-11-16,0,321,False,11.488666666666667,1.2085537294584538e-06,11.92,11.23,12.79,11.23,14.12,11.23,15.25,11.23,11.55,11.0,12.93,10.83,12.93,10.61,13.05,10.36
83,11.63,11.92,11.23,11.65,ok,1605571200,6678176,11.670000000000044,2020-11-17 00:00:00,2020-11-17,29783.3496,29872.4199,29520.2891,29800.1504,ok,1605623400,372380000,29788.456383334018,2020-11-17 14:30:00,2020-11-17,1,322,False,11.562000000000001,1.7360029644821182e-06,12.04,11.56,13.46,11.45,14.26,11.45,16.74,11.45,12.6602,10.72,11.95,10.83,12.93,10.61,12.25,10.36
84,11.57,12.04,11.56,11.8,ok,1605657600,3169222,11.67166666666671,2020-11-18 00:00:00,2020-11-18,29438.4199,29930.8496,29432.8398,29875.4004,ok,1605709800,382850000,29638.733066667362,2020-11-18 14:30:00,2020-11-18,2,323,False,11.58,3.699120267792327e-06,12.79,11.45,14.12,11.45,15.25,11.45,19.42,11.45,11.92,11.23,11.95,10.97,12.93,10.83,12.93,10.36
85,12.46,12.79,11.45,11.6,ok,1605744000,11787613,12.025000000000043,2020-11-19 00:00:00,2020-11-19,29483.2305,29524.9004,29228.3809,29370.9199,ok,1605796200,331330000,29518.31348333404,2020-11-19 14:30:00,2020-11-19,3,324,False,11.906666666666668,1.0378126032245318e-06,13.46,12.54,14.26,12.54,16.74,12.54,19.42,12.54,12.04,11.56,12.6602,10.72,12.93,10.83,12.93,10.5
86,12.71,13.46,12.54,12.55,ok,1605830400,8402347,12.43666666666671,2020-11-20 00:00:00,2020-11-20,29263.4805,29469.8906,29231.1992,29437.5703,ok,1605882600,305350000,29365.887066667387,2020-11-20 14:30:00,2020-11-20,4,325,False,12.228000000000002,1.5356820342379735e-06,14.12,12.67,15.25,12.67,19.42,12.67,19.42,12.67,12.79,11.45,12.6602,10.72,12.93,10.83,12.93,10.61
87,13.9,14.12,12.67,12.9,ok,1606089600,9607973,13.263333333333378,2020-11-23 00:00:00,2020-11-23,29591.2695,29667.75,29332.8203,29332.8203,ok,1606141800,387200000,29464.000000000728,2020-11-23 14:30:00,2020-11-23,0,328,False,12.832666666666666,1.4116747968935105e-06,14.26,13.3,16.74,13.3,19.42,13.3,19.42,13.3,13.46,12.54,12.6602,10.72,12.6602,10.72,12.93,10.61
88,13.67,14.26,13.3,14.23,ok,1606176000,7186710,13.58666666666671,2020-11-24 00:00:00,2020-11-24,30046.2402,30116.5098,29746.1094,29746.1094,ok,1606228200,432760000,29764.123350000737,2020-11-24 14:30:00,2020-11-24,1,329,False,13.238,1.9123261316142343e-06,15.25,13.42,19.42,13.42,19.42,13.42,19.42,13.42,14.12,12.67,12.79,11.23,12.6602,10.72,12.93,10.83
89,14.75,15.25,13.42,13.6,ok,1606262400,8860092,14.248333333333377,2020-11-25 00:00:00,2020-11-25,29872.4707,30058.8691,29806.25,30058.8691,ok,1606314600,323030000,29883.527000000748,2020-11-25 14:30:00,2020-11-25,2,330,False,13.867333333333335,1.6335421046794248e-06,16.74,14.88,19.42,14.88,19.42,14.88,19.42,14.88,14.26,13.3,13.46,11.45,12.6602,10.72,12.93,10.72
90,16.08,16.74,14.88,15.29,ok,1606435200,12504197,15.235000000000042,2020-11-27 00:00:00,2020-11-27,29910.3691,30015.1309,29819.9805,29911.3301,ok,1606487400,177040000,29920.38148333409,2020-11-27 14:30:00,2020-11-27,4,332,False,14.728000000000002,1.2715730566305056e-06,19.42,16.5575,19.42,15.38,19.42,15.38,19.42,15.38,15.25,13.42,14.12,11.45,12.79,10.72,12.93,10.72
91,16.56,19.42,16.5575,18.17,ok,1606694400,31983498,16.098333333333375,2020-11-30 00:00:00,2020-11-30,29638.6406,29854.5098,29463.6406,29854.5098,ok,1606746600,551350000,29768.18845000077,2020-11-30 14:30:00,2020-11-30,0,335,False,15.507333333333333,5.475479886533987e-07,17.4,15.76,17.4,15.38,17.5,15.38,17.5,13.225,16.74,14.88,14.26,12.54,13.46,10.72,12.6602,10.72
92,15.8,17.4,15.76,17.11,ok,1606780800,12666027,16.10000000000004,2020-12-01 00:00:00,2020-12-01,29823.9199,30083.3105,29797.5,29797.5,ok,1606833000,429510000,29776.56833333411,2020-12-01 14:30:00,2020-12-01,1,336,False,15.776666666666666,1.2884861211806984e-06,16.68,15.38,17.29,15.38,17.5,15.38,17.5,13.05,19.42,16.5575,15.25,12.67,14.12,11.23,12.79,10.72
93,16.58,16.68,15.38,15.7,ok,1606867200,7883380,16.31666666666671,2020-12-02 00:00:00,2020-12-02,29883.7891,29902.5098,29599.2891,29695.0898,ok,1606919400,385280000,29822.974616667456,2020-12-02 14:30:00,2020-12-02,2,337,False,16.179333333333332,2.056647444793139e-06,16.64,15.87,17.5,15.87,17.5,13.225,17.5,13.02,17.4,15.76,16.74,13.3,14.26,11.45,13.46,10.72
94,16.12,16.64,15.87,16.48,ok,1606953600,6294965,16.22000000000004,2020-12-03 00:00:00,2020-12-03,29969.5195,30110.8809,29877.2695,29920.8301,ok,1607005800,405680000,29916.676100000797,2020-12-03 14:30:00,2020-12-03,3,338,False,16.234666666666666,2.575073888417171e-06,17.29,16.26,17.5,15.93,17.5,13.05,17.5,12.14,16.68,15.38,19.42,13.42,15.25,11.45,14.12,10.72
95,16.9,17.29,16.26,16.3,ok,1607040000,8972672,16.586666666666705,2020-12-04 00:00:00,2020-12-04,30218.2598,30218.2598,29989.5605,29989.5605,ok,1607092200,356590000,30079.601250000807,2020-12-04 14:30:00,2020-12-04,4,339,False,16.458666666666666,1.874209451394932e-06,17.5,16.22,17.5,13.225,17.5,13.02,17.5,12.14,16.64,15.87,19.42,14.88,16.74,12.54,14.26,10.72
96,16.35,17.5,16.22,17.0,ok,1607299200,7386258,16.495000000000037,2020-12-07 00:00:00,2020-12-07,30069.7891,30233.0293,29967.2207,30233.0293,ok,1607351400,365810000,30102.567733334155,2020-12-07 14:30:00,2020-12-07,0,342,False,16.444666666666667,2.2596015465476566e-06,17.21,15.93,17.21,13.05,17.21,12.14,17.21,12.14,17.29,16.26,19.42,15.38,19.42,12.67,15.25,11.23
97,16.94,17.21,15.93,16.37,ok,1607385600,16120163,16.736666666666704,2020-12-08 00:00:00,2020-12-08,30173.8809,30246.2207,29972.0703,29997.9492,ok,1607437800,311190000,30146.580116667497,2020-12-08 14:30:00,2020-12-08,1,343,False,16.641333333333332,1.0355561127597364e-06,14.73,13.225,14.73,13.02,14.73,12.14,14.98,12.14,17.5,16.22,17.4,15.38,19.42,13.3,16.74,11.45
98,13.66,14.73,13.225,13.92,ok,1607472000,24357944,15.201666666666702,2020-12-09 00:00:00,2020-12-09,30068.8105,30319.6992,29951.8496,30229.8105,ok,1607524200,380520000,30103.997066667507,2020-12-09 14:30:00,2020-12-09,2,344,False,15.668666666666669,5.694925099863382e-07,14.41,13.05,14.41,12.14,14.41,12.14,16.3,12.14,17.21,15.93,17.29,15.38,19.42,13.42,19.42,11.45
99,14.12,14.41,13.05,13.12,ok,1607558400,7558922,14.436666666666701,2020-12-10 00:00:00,2020-12-10,29999.2598,30063.8691,29876.8203,30032.5508,ok,1607610600,325550000,30051.546883334184,2020-12-10 14:30:00,2020-12-10,3,345,False,15.044,1.833594790368256e-06,14.0,13.02,14.02,12.14,14.98,12.14,16.348,12.14,14.73,13.225,17.5,15.87,19.42,14.88,19.42,12.54
100,13.31,14.0,13.02,13.91,ok,1607644800,7496868,13.638333333333366,2020-12-11 00:00:00,2020-12-11,30046.3691,30071.1309,29820.8398,29988.2109,ok,1607697000,393870000,30034.40623333419,2020-12-11 14:30:00,2020-12-11,4,346,False,14.282666666666668,1.7931932819589905e-06,13.4335,12.14,14.305,12.14,16.3,12.14,20.04,12.14,14.41,13.05,17.5,15.93,19.42,15.38,19.42,12.67
101,12.72,13.4335,12.14,13.34,ok,1607904000,10007092,13.150000000000034,2020-12-14 00:00:00,2020-12-14,29861.5508,30325.7891,29849.1504,30123.9102,ok,1607956200,371980000,29946.10840000087,2020-12-14 14:30:00,2020-12-14,0,349,False,13.564,1.2755453832142245e-06,14.02,12.48,14.98,12.48,16.348,12.48,22.3499,12.48,14.0,13.02,17.5,13.225,17.5,15.38,19.42,13.3
102,13.85,14.02,12.48,12.78,ok,1607990400,8192856,13.383333333333367,2020-12-15 00:00:00,2020-12-15,30199.3105,30243.2598,29894.9492,29919.0898,ok,1608042600,417770000,30061.23370000088,2020-12-15 14:30:00,2020-12-15,1,350,False,13.464,1.641674161000755e-06,14.305,13.58,16.3,13.58,20.04,13.58,22.3499,13.58,13.4335,12.14,17.21,13.05,17.5,15.38,19.42,13.42
103,13.85,14.305,13.58,13.96,ok,1608076800,5865123,13.661666666666697,2020-12-16 00:00:00,2020-12-16,30154.5391,30236.0293,30080.1094,30191.3809,ok,1608129000,344590000,30120.63151666756,2020-12-16 14:30:00,2020-12-16,2,351,False,13.57,2.3719309325084346e-06,14.98,13.59,16.348,13.59,22.3499,13.59,22.3499,13.59,14.02,12.48,14.73,13.02,17.5,13.225,19.42,14.88
104,14.83,14.98,13.59,13.96,ok,1608163200,8194902,14.34000000000003,2020-12-17 00:00:00,2020-12-17,30303.3691,30323.7793,30216.0,30216.0,ok,1608215400,345530000,30236.4160000009,2020-12-17 14:30:00,2020-12-17,3,352,False,13.99,1.7653251578440679e-06,16.3,15.18,20.04,15.18,22.3499,15.18,22.3499,15.18,14.305,13.58,14.41,12.14,17.5,13.05,19.42,15.38
105,15.63,16.3,15.18,15.78,ok,1608249600,16618776,15.066666666666697,2020-12-18 00:00:00,2020-12-18,30179.0508,30343.5898,30029.4395,30314.2598,ok,1608301800,782070000,30216.40495000091,2020-12-18 14:30:00,2020-12-18,4,353,False,14.629333333333333,9.449151570087552e-07,16.348,15.28,22.3499,15.28,22.3499,15.28,22.3499,15.28,14.98,13.59,14.02,12.14,17.5,13.02,17.5,13.225
106,15.53,16.348,15.28,15.81,ok,1608508800,9876128,15.446666666666694,2020-12-21 00:00:00,2020-12-21,30216.4492,30304.1406,29755.5293,30159.0,ok,1608561000,437480000,30218.469716667587,2020-12-21 14:30:00,2020-12-21,0,356,False,15.080666666666666,1.59164941294132e-06,20.04,16.15,22.3499,16.15,22.3499,16.15,22.3499,16.15,16.3,15.18,14.305,12.14,17.21,12.14,17.5,13.05
107,19.46,20.04,16.15,16.22,ok,1608595200,30687718,17.511666666666695,2020-12-22 00:00:00,2020-12-22,30015.5098,30200.1992,29992.8906,30200.1992,ok,1608647400,388810000,30109.74643333426,2020-12-22 14:30:00,2020-12-22,1,357,False,16.654666666666667,6.044763576099077e-07,22.3499,19.13,22.3499,19.13,22.3499,18.56,22.3499,17.15,16.348,15.28,14.98,12.48,14.73,12.14,17.5,13.02
108,20.57,22.3499,19.13,20.17,ok,1608681600,25830256,19.360000000000024,2020-12-23 00:00:00,2020-12-23,30129.8301,30292.5293,30046.7305,30046.7305,ok,1608733800,274050000,30106.15985000094,2020-12-23 14:30:00,2020-12-23,2,358,False,18.224666666666668,8.007392570944709e-07,21.48,19.95,21.97,18.56,21.97,18.56,21.97,17.15,20.04,16.15,16.3,13.58,14.41,12.14,17.5,12.14
109,20.15,21.48,19.95,21.01,ok,1608768000,6262174,20.17500000000002,2020-12-24 00:00:00,2020-12-24,30199.8691,30209.6699,30099.3008,30155.9199,ok,1608820200,145570000,30145.79621666761,2020-12-24 14:30:00,2020-12-24,3,359,False,19.206666666666667,3.2778818772309213e-06,21.97,20.35,21.97,18.56,21.97,17.15,21.97,17.15,22.3499,19.13,16.348,13.59,14.98,12.14,17.5,12.14
110,20.99,21.97,20.35,21.31,ok,1609113600,8965858,20.640000000000015,2020-12-28 00:00:00,2020-12-28,30403.9707,30525.5605,30283.2305,30283.2305,ok,1609165800,302490000,30290.246733334283,2020-12-28 14:30:00,2020-12-28,0,363,False,20.113999999999997,2.353743872960439e-06,21.07,18.56,21.07,18.56,21.07,17.15,21.07,17.15,21.48,19.95,20.04,15.18,16.3,12.14,17.21,12.14
111,19.38,21.07,18.56,20.82,ok,1609200000,9241441,20.045000000000012,2020-12-29 00:00:00,2020-12-29,30335.6699,30588.7891,30274.2402,30492.0703,ok,1609252200,357610000,30335.80336666762,2020-12-29 14:30:00,2020-12-29,1,364,False,20.127333333333333,2.1284559410161247e-06,20.0,18.85,20.0,17.15,20.0,17.15,20.0,17.08,21.97,20.35,22.3499,15.28,16.348,12.48,14.98,12.14
112,19.26,20.0,18.85,19.38,ok,1609286400,5934391,19.588333333333342,2020-12-30 00:00:00,2020-12-30,30409.5605,30525.3496,30393.0391,30415.0898,ok,1609338600,291890000,30383.998666667627,2020-12-30 14:30:00,2020-12-30,2,365,False,19.844,3.264024901628491e-06,19.8,18.8,19.8,17.15,19.8,17.15,20.65,17.08,21.07,18.56,22.3499,16.15,20.04,13.58,16.3,12.14
113,18.84,19.8,18.8,19.25,ok,1609372800,6922652,19.070000000000007,2020-12-31 00:00:00,2020-12-31,30606.4805,30637.4707,30344.5,30417.6406,ok,1609425000,284470000,30495.705400000967,2020-12-31 14:30:00,2020-12-31,3,366,True,19.434,2.7657993882498592e-06,19.1,17.15,19.1,17.15,19.45,17.08,20.65,17.08,20.0,18.85,22.3499,19.13,22.3499,13.59,16.348,12.14
114,17.25,19.1,17.15,19.0,ok,1609718400,10022474,18.115000000000006,2021-01-04 00:00:00,2021-01-04,30223.8906,30674.2793,29881.8203,30627.4707,ok,1609770600,475080000,30382.365550000974,2021-01-04 14:30:00,2021-01-04,0,4,False,18.609333333333332,1.779334457074504e-06,18.0765,17.23,19.45,17.23,20.65,17.08,38.65,17.08,19.8,18.8,21.97,18.56,22.3499,15.18,20.04,12.14
115,17.37,18.0765,17.23,17.35,ok,1609804800,4961457,17.575,2021-01-05 00:00:00,2021-01-05,30391.5996,30504.8906,30141.7793,30204.25,ok,1609857000,350910000,30371.510083334317,2021-01-05 14:30:00,2021-01-05,1,5,False,18.018000000000004,3.5390477703088703e-06,18.98,17.33,19.45,17.08,20.65,17.08,43.06,17.08,19.1,17.15,21.97,18.56,22.3499,15.28,22.3499,12.48
116,18.36,18.98,17.33,17.34,ok,1609891200,6056248,17.844999999999995,2021-01-06 00:00:00,2021-01-06,30829.4004,31022.6504,30313.0703,30362.7793,ok,1609943400,500430000,30582.548500000994,2021-01-06 14:30:00,2021-01-06,2,6,False,17.998,3.0090137215869185e-06,19.45,18.02,20.65,17.08,38.65,17.08,43.06,17.08,18.0765,17.23,21.07,18.56,22.3499,16.15,22.3499,13.58
117,18.08,19.45,18.02,18.47,ok,1609977600,6129276,18.054999999999993,2021-01-07 00:00:00,2021-01-07,31041.1309,31193.4004,30897.8594,30901.1797,ok,1610029800,427810000,30862.298850001,2021-01-07 14:30:00,2021-01-07,3,7,False,17.952666666666666,3.021020209673486e-06,18.3,17.08,20.65,17.08,43.06,17.08,45.52,17.08,18.98,17.33,20.0,17.15,22.3499,18.56,22.3499,13.59
118,17.69,18.3,17.08,18.18,ok,1610064000,6481960,17.931666666666658,2021-01-08 00:00:00,2021-01-08,31097.9707,31140.6699,30793.2695,31069.5801,ok,1610116200,381150000,31034.262383334342,2021-01-08 14:30:00,2021-01-08,4,8,False,17.855999999999998,2.7291127992150517e-06,20.65,19.01,38.65,19.01,43.06,19.01,45.52,19.01,19.45,18.02,19.8,17.15,21.97,18.56,22.3499,15.18
119,19.94,20.65,19.01,19.41,ok,1610323200,14927612,18.879999999999992,2021-01-11 00:00:00,2021-01-11,31008.6895,31096.9805,30832.0605,31015.3691,ok,1610375400,356540000,31043.856800001016,2021-01-11 14:30:00,2021-01-11,0,11,False,18.586000000000002,1.3308670312885051e-06,20.4,19.3168,43.06,19.3168,45.52,19.3168,45.52,19.3168,18.3,17.08,19.1,17.15,21.97,17.15,22.3499,15.28
120,19.95,20.4,19.3168,19.96,ok,1610409600,7060665,19.56999999999999,2021-01-12 00:00:00,2021-01-12,31068.6895,31114.5605,30888.7598,31015.0098,ok,1610461800,362620000,31053.569700001022,2021-01-12 14:30:00,2021-01-12,1,12,False,19.14,2.8168640394825883e-06,38.65,20.03,43.06,20.03,45.52,20.03,76.7573,20.03,20.65,19.01,19.45,17.23,21.07,17.15,22.3499,16.15
121,31.4,38.65,20.03,20.42,ok,1610496000,144501736,25.673333333333318,2021-01-13 00:00:00,2021-01-13,31060.4707,31153.3691,30992.0508,31084.8809,ok,1610548200,413250000,31054.58010000103,2021-01-13 14:30:00,2021-01-13,2,13,False,23.338666666666665,2.077945047432971e-07,43.06,33.05,45.52,33.05,45.52,33.05,159.18,33.05,20.4,19.3168,19.45,17.08,20.0,17.15,22.3499,17.15
122,39.91,43.06,33.05,38.09,ok,1610582400,93717410,33.74666666666665,2021-01-14 00:00:00,2021-01-14,30991.5195,31223.7793,30982.2402,31085.6699,ok,1610634600,427810000,31027.364900001037,2021-01-14 14:30:00,2021-01-14,3,14,False,29.50466666666666,4.1265900683057005e-07,40.75,34.01,45.52,34.01,76.7573,34.01,159.18,34.01,38.65,20.03,20.65,17.08,19.8,17.15,21.97,17.15
123,35.5,40.75,34.01,38.49,ok,1610668800,46866358,36.28666666666664,2021-01-15 00:00:00,2021-01-15,30814.2598,30941.9805,30612.6699,30926.7695,ok,1610721000,433000000,30914.381516667712,2021-01-15 14:30:00,2021-01-15,4,15,False,32.74533333333333,7.842156912071838e-07,45.52,36.64,45.52,36.06,159.18,36.06,380.0,36.06,43.06,33.05,20.65,17.08,19.45,17.08,21.97,17.15
124,39.36,45.52,36.64,41.55,ok,1611014400,74721924,38.16499999999997,2021-01-19 00:00:00,2021-01-19,30930.5195,31086.6191,30865.0293,30887.4199,ok,1611066600,386400000,30901.93293333439,2021-01-19 14:30:00,2021-01-19,1,19,False,36.08533333333333,5.420988178337949e-07,41.1899,36.06,76.7573,36.06,159.18,36.06,483.0,36.06,40.75,34.01,38.65,19.01,20.65,17.08,21.07,17.15
125,39.12,41.1899,36.06,37.37,ok,1611100800,33471789,38.596666666666636,2021-01-20 00:00:00,2021-01-20,31188.3809,31235.9805,30997.7891,31017.5391,ok,1611153000,384980000,31040.073583334397,2021-01-20 14:30:00,2021-01-20,2,20,False,38.050666666666665,1.1588853725944157e-06,44.75,37.0,159.18,37.0,380.0,37.0,483.0,37.0,45.52,36.64,43.06,19.3168,20.65,17.08,20.0,17.08
126,43.03,44.75,37.0,39.23,ok,1611187200,57079754,41.11499999999997,2021-01-21 00:00:00,2021-01-21,31176.0098,31272.2207,31120.9199,31198.0098,ok,1611239400,418780000,31139.218450001074,2021-01-21 14:30:00,2021-01-21,3,21,False,40.041333333333334,7.286880271651719e-07,76.7573,42.32,159.18,42.32,483.0,42.32,483.0,42.32,41.1899,36.06,43.06,20.03,38.65,17.08,20.65,17.08
127,65.01,76.7573,42.32,42.59,ok,1611273600,197157946,53.368333333333304,2021-01-22 00:00:00,2021-01-22,30996.9805,31141.5605,30908.4707,31141.5605,ok,1611325800,436040000,31088.55700000108,2021-01-22 14:30:00,2021-01-22,4,22,False,48.583333333333336,3.1123489860932786e-07,159.18,61.13,380.0,61.13,483.0,61.13,483.0,61.13,44.75,37.0,45.52,33.05,43.06,17.08,20.65,17.08
128,76.79,159.18,61.13,96.73,ok,1611532800,177874000,67.23666666666664,2021-01-25 00:00:00,2021-01-25,30960.0,30989.8496,30564.0605,30989.8496,ok,1611585000,472890000,31008.328466667754,2021-01-25 14:30:00,2021-01-25,0,25,False,59.37866666666667,5.567611530259248e-07,150.0,80.2,483.0,80.2,483.0,80.2,483.0,74.2201,76.7573,42.32,45.52,34.01,43.06,19.01,38.65,17.08
129,147.98,150.0,80.2,88.56,ok,1611619200,178587974,110.42166666666662,2021-01-26 00:00:00,2021-01-26,30937.0391,31121.4199,30921.7109,30968.5508,ok,1611671400,373150000,30954.682966667766,2021-01-26 14:30:00,2021-01-26,1,26,False,91.15133333333333,7.058705979832662e-07,380.0,249.0,483.0,112.25,483.0,74.2201,483.0,53.33,159.18,61.13,45.52,36.06,45.52,19.3168,43.06,17.08
130,347.51,380.0,249.0,354.83,ok,1611705600,93396666,235.87999999999997,2021-01-27 00:00:00,2021-01-27,30303.1699,30893.7793,30206.9102,30893.7793,ok,1611757800,566470000,30623.931316667775,2021-01-27 14:30:00,2021-01-27,2,27,False,182.19266666666667,3.4851708018499645e-06,483.0,112.25,483.0,112.25,483.0,74.2201,483.0,51.09,150.0,80.2,76.7573,36.06,45.52,20.03,43.06,17.08
131,193.6,483.0,112.25,265.0,ok,1611792000,58815805,237.29999999999995,2021-01-28 00:00:00,2021-01-28,30603.3594,30951.4102,30377.1895,30377.1895,ok,1611844200,465140000,30558.909516667783,2021-01-28 14:30:00,2021-01-28,3,28,False,201.37133333333333,4.470737074838983e-06,413.98,250.0,413.98,74.2201,413.98,53.33,413.98,51.09,380.0,249.0,159.18,37.0,45.52,33.05,45.52,17.08
132,325.0,413.98,250.0,379.71,ok,1611878400,50566055,284.9516666666666,2021-01-29 00:00:00,2021-01-29,29982.6191,30553.9102,29856.3008,30553.9102,ok,1611930600,536320000,30242.95766666779,2021-01-29 14:30:00,2021-01-29,4,29,False,254.31199999999998,6.519393296550423e-06,322.0,212.0,322.0,74.2201,322.0,51.09,322.0,46.52,483.0,112.25,159.18,42.32,76.7573,34.01,45.52,19.01
133,225.0,322.0,212.0,316.56,ok,1612137600,37382152,253.0999999999999,2021-02-01 00:00:00,2021-02-01,30211.9102,30335.9102,30014.9707,30054.7305,ok,1612189800,347060000,30200.7213666678,2021-02-01 14:30:00,2021-02-01,0,32,False,256.5866666666667,6.767935671547213e-06,158.0,74.2201,158.0,53.33,158.0,51.09,158.0,46.52,413.98,250.0,380.0,61.13,159.18,36.06,45.52,19.3168
134,90.0,158.0,74.2201,140.76,ok,1612224000,78183071,174.16666666666654,2021-02-02 00:00:00,2021-02-02,30687.4805,30840.5391,30276.8809,30276.8809,ok,1612276200,333160000,30411.48016666781,2021-02-02 14:30:00,2021-02-02,1,33,False,203.98066666666668,1.3737846138072525e-06,113.3999,85.25,113.3999,51.09,113.3999,46.52,113.3999,46.52,322.0,212.0,483.0,80.2,159.18,36.06,76.7573,20.03
135,92.41,113.3999,85.25,112.01,ok,1612310400,42698511,113.70499999999987,2021-02-03 00:00:00,2021-02-03,30723.5996,30793.4102,30521.3105,30689.6504,ok,1612362600,305590000,30626.278333334485,2021-02-03 14:30:00,2021-02-03,2,34,False,156.04333333333332,2.2722096015635454e-06,91.5,53.33,95.0,51.09,95.0,46.52,95.0,46.52,158.0,74.2201,483.0,112.25,380.0,37.0,159.18,33.05
136,53.5,91.5,53.33,91.19,ok,1612396800,62427275,72.55333333333319,2021-02-04 00:00:00,2021-02-04,31055.8594,31065.9609,30737.7793,30737.7793,ok,1612449000,338330000,30883.709650001158,2021-02-04 14:30:00,2021-02-04,3,35,False,112.14266666666666,1.0589922433743903e-06,95.0,51.09,95.0,46.52,95.0,46.52,95.0,46.52,113.3999,85.25,483.0,112.25,483.0,42.32,159.18,34.01
137,63.77,95.0,51.09,54.04,ok,1612483200,81345013,65.11999999999985,2021-02-05 00:00:00,2021-02-05,31148.2402,31252.1797,31083.2207,31093.8105,ok,1612535400,293550000,31046.673166667828,2021-02-05 14:30:00,2021-02-05,4,36,False,81.00533333333333,8.599584750614439e-07,72.66,58.02,72.66,46.52,72.66,46.52,72.66,44.56,91.5,53.33,413.98,74.2201,483.0,61.13,380.0,36.06
138,60.0,72.66,58.02,72.41,ok,1612742400,25687282,60.17333333333317,2021-02-08 00:00:00,2021-02-08,31385.7598,31386.0996,31191.1992,31191.1992,ok,1612794600,322250000,31251.603200001166,2021-02-08 14:30:00,2021-02-08,0,39,False,66.02666666666667,2.474376230229419e-06,57.0,46.52,62.83,46.52,62.83,46.52,62.83,40.65,95.0,51.09,322.0,74.2201,483.0,80.2,483.0,36.06
139,50.31,57.0,46.52,56.61,ok,1612828800,26843082,55.783333333333154,2021-02-09 00:00:00,2021-02-09,31375.8301,31439.4707,31245.8594,31359.8809,ok,1612881000,308210000,31341.208350001176,2021-02-09 14:30:00,2021-02-09,1,40,False,58.818,1.9102376793643393e-06,62.83,46.55,62.83,46.55,62.83,44.56,62.83,38.5,72.66,58.02,158.0,53.33,483.0,74.2201,483.0,37.0
140,51.2,62.83,46.55,50.77,ok,1612915200,36455036,52.36999999999981,2021-02-10 00:00:00,2021-02-10,31437.8008,31511.4395,31221.3203,31428.0195,ok,1612967400,326450000,31408.470400001184,2021-02-10 14:30:00,2021-02-10,2,41,False,54.552,1.4682927940783454e-06,55.32,48.2201,55.32,48.05,55.32,40.65,55.32,38.5,57.0,46.52,113.3999,51.09,483.0,74.2201,483.0,42.32
141,51.1,55.32,48.2201,50.01,ok,1613001600,13056725,51.00166666666647,2021-02-11 00:00:00,2021-02-11,31430.6992,31543.8203,31244.3594,31466.4902,ok,1613053800,280320000,31423.921550001192,2021-02-11 14:30:00,2021-02-11,3,42,False,53.0,3.947904240917994e-06,55.24,48.05,55.24,44.56,55.24,38.5,55.24,38.5,62.83,46.55,95.0,51.09,413.98,53.33,483.0,61.13
142,52.4,55.24,48.05,50.75,ok,1613088000,14573264,51.76666666666646,2021-02-12 00:00:00,2021-02-12,31458.4004,31475.3105,31347.8008,31420.8008,ok,1613140200,263090000,31445.7334000012,2021-02-12 14:30:00,2021-02-12,4,43,False,52.041333333333334,3.56108739035172e-06,53.5,49.04,53.5,40.65,53.5,38.5,91.71,38.5,55.32,48.2201,95.0,46.52,322.0,51.09,483.0,74.2201
143,49.51,53.5,49.04,52.66,ok,1613433600,8175030,50.73833333333312,2021-02-16 00:00:00,2021-02-16,31522.75,31608.6309,31443.4805,31472.0801,ok,1613485800,329210000,31485.95833333454,2021-02-16 14:30:00,2021-02-16,1,47,False,50.87733333333333,6.199773374939704e-06,51.19,44.56,51.19,38.5,51.19,38.5,184.68,38.5,55.24,48.05,72.66,46.52,158.0,51.09,483.0,53.33
144,45.94,51.19,44.56,49.77,ok,1613520000,9260795,48.20666666666644,2021-02-17 00:00:00,2021-02-17,31613.0195,31643.6992,31338.7598,31485.6094,ok,1613572200,343510000,31557.159816667885,2021-02-17 14:30:00,2021-02-17,2,48,False,49.22266666666666,5.099994114976089e-06,48.87,40.65,48.87,38.5,91.71,38.5,184.68,38.5,53.5,49.04,62.83,46.52,113.3999,46.52,483.0,51.09
145,40.69,48.87,40.65,48.49,ok,1613606400,23990555,43.90999999999976,2021-02-18 00:00:00,2021-02-18,31493.3398,31558.5996,31285.3203,31558.5996,ok,1613658600,325990000,31538.134733334562,2021-02-18 14:30:00,2021-02-18,3,49,False,46.10933333333333,1.809184211592159e-06,43.89,38.5,48.51,38.5,184.68,38.5,184.68,38.5,51.19,44.56,62.83,46.55,95.0,46.52,413.98,51.09
146,40.59,43.89,38.5,41.28,ok,1613692800,14828238,41.51499999999975,2021-02-19 00:00:00,2021-02-19,31494.3203,31647.5293,31469.3398,31504.1309,ok,1613745000,353070000,31513.776666667905,2021-02-19 14:30:00,2021-02-19,4,50,False,43.663333333333334,2.7645451424055463e-06,48.51,42.4,91.71,40.0,184.68,40.0,184.68,40.0,48.87,40.65,55.32,48.05,95.0,46.52,322.0,46.52
147,46.0,48.51,42.4,46.69,ok,1613952000,19476021,43.31166666666641,2021-02-22 00:00:00,2021-02-22,31521.6895,31653.4805,31286.5703,31381.1191,ok,1614004200,387210000,31507.841483334578,2021-02-22 14:30:00,2021-02-22,0,53,False,43.72133333333333,2.343223324038656e-06,46.23,40.0,184.68,40.0,184.68,40.0,184.68,40.0,43.89,38.5,55.24,44.56,72.66,46.52,158.0,46.52
148,44.97,46.23,40.0,44.97,ok,1614038400,7565215,44.583333333333066,2021-02-23 00:00:00,2021-02-23,31537.3496,31653.3809,31158.7598,31501.8906,ok,1614090600,460410000,31524.958016667922,2021-02-23 14:30:00,2021-02-23,1,54,False,43.86266666666667,5.780844739155904e-06,91.71,44.7,184.68,44.7,184.68,44.7,184.68,44.7,48.51,42.4,53.5,40.65,62.83,46.52,113.3999,46.52
149,91.71,91.71,44.7,44.7,ok,1614124800,83111740,68.51166666666639,2021-02-24 00:00:00,2021-02-24,31961.8594,32009.6406,31421.2891,31499.75,ok,1614177000,410150000,31746.994483334594,2021-02-24 14:30:00,2021-02-24,2,55,False,59.88666666666666,9.149128630925066e-07,184.68,101.0,184.68,86.0,184.68,86.0,184.68,86.0,46.23,40.0,51.19,38.5,62.83,44.56,95.0,46.52
150,108.73,184.68,101.0,169.56,ok,1614211200,150308766,92.42999999999972,2021-02-25 00:00:00,2021-02-25,31402.0098,31984.7695,31293.3203,31955.9395,ok,1614263400,454110000,31611.182966667937,2021-02-25 14:30:00,2021-02-25,3,56,False,78.53266666666666,8.746662187353731e-07,142.9,86.0,142.9,86.0,147.8699,86.0,210.8699,86.0,91.71,44.7,48.87,38.5,55.32,40.65,95.0,46.52
151,101.74,142.9,86.0,117.46,ok,1614297600,92194154,102.39833333333304,2021-02-26 00:00:00,2021-02-26,30932.3691,31450.8906,30911.3691,31401.2891,ok,1614349800,532250000,31260.497716667945,2021-02-26 14:30:00,2021-02-26,4,57,False,90.31266666666667,1.195448177043127e-06,133.99,99.97,133.99,99.97,151.53,99.97,249.85,99.97,184.68,101.0,48.51,38.5,55.24,38.5,72.66,44.56
152,120.4,133.99,99.97,104.54,ok,1614556800,49793965,112.23499999999972,2021-03-01 00:00:00,2021-03-01,31535.5098,31668.3398,31065.9004,31065.9004,ok,1614609000,385670000,31312.21290000129,2021-03-01 14:30:00,2021-03-01,0,60,False,104.236,2.3721750216115547e-06,133.2,112.2,147.8699,112.2,210.8699,112.2,348.5,112.2,142.9,86.0,91.71,40.0,53.5,38.5,62.83,40.65
153,118.18,133.2,112.2,116.93,ok,1614643200,33783044,116.17999999999971,2021-03-02 00:00:00,2021-03-02,31391.5195,31623.2695,31377.1602,31535.3691,ok,1614695400,337270000,31362.9912000013,2021-03-02 14:30:00,2021-03-02,1,61,False,112.45933333333333,3.5874012221436684e-06,127.75,113.12,151.53,113.12,249.85,113.12,348.5,113.12,133.99,99.97,184.68,40.0,51.19,38.5,62.83,38.5
154,124.18,127.75,113.12,122.51,ok,1614729600,19273882,121.54999999999968,2021-03-03 00:00:00,2021-03-03,31270.0898,31563.3105,31260.1406,31352.9609,ok,1614781800,409660000,31354.803033334643,2021-03-03 14:30:00,2021-03-03,2,62,False,117.802,6.3133795949011896e-06,147.8699,115.3,210.8699,115.3,348.5,115.3,348.5,115.3,133.2,112.2,184.68,44.7,91.71,38.5,55.32,38.5
155,132.35,147.8699,115.3,125.0,ok,1614816000,32606893,127.26499999999969,2021-03-04 00:00:00,2021-03-04,30924.1406,31461.9707,30547.5293,31289.0098,ok,1614868200,537850000,31117.353483334653,2021-03-04 14:30:00,2021-03-04,3,63,False,123.70333333333335,4.043315831001337e-06,151.53,127.5,249.85,127.5,348.5,127.5,348.5,127.5,127.75,113.12,184.68,86.0,184.68,38.5,55.24,38.5
156,137.74,151.53,127.5,128.17,ok,1614902400,30733673,133.68333333333302,2021-03-05 00:00:00,2021-03-05,31496.3008,31580.3301,30766.8105,31029.1797,ok,1614954600,501810000,31267.87890000133,2021-03-05 14:30:00,2021-03-05,4,64,False,129.82666666666665,4.520232037782575e-06,210.8699,146.1,348.5,146.1,348.5,146.1,348.5,146.1,147.8699,115.3,142.9,86.0,184.68,40.0,91.71,38.5
157,194.5,210.8699,146.1,154.89,ok,1615161600,63565620,165.22166666666635,2021-03-08 00:00:00,2021-03-08,31802.4395,32148.0391,31512.1504,31512.1504,ok,1615213800,496980000,31554.010116668007,2021-03-08 14:30:00,2021-03-08,0,67,False,152.47,2.891866704045363e-06,249.85,208.5101,348.5,172.0,348.5,172.0,348.5,172.0,151.53,127.5,133.99,99.97,184.68,40.0,184.68,38.5
158,246.9,249.85,208.5101,217.71,ok,1615248000,39099331,211.2399999999997,2021-03-09 00:00:00,2021-03-09,31832.7402,32150.3203,31822.6406,31892.3496,ok,1615300200,458690000,31766.56673333468,2021-03-09 14:30:00,2021-03-09,1,68,False,187.64,6.012550444916819e-06,348.5,172.0,348.5,172.0,348.5,172.0,348.5,172.0,210.8699,146.1,147.8699,112.2,184.68,44.7,184.68,38.5
159,265.0,348.5,172.0,269.43,ok,1615334400,71570566,247.21666666666638,2021-03-10 00:00:00,2021-03-10,32297.0195,32389.5,31906.9609,31906.9609,ok,1615386600,409110000,32059.829733334685,2021-03-10 14:30:00,2021-03-10,2,69,False,220.26200000000003,3.658394057318665e-06,281.5,232.6,295.5,206.0,295.5,172.35,295.5,172.35,249.85,208.5101,151.53,113.12,184.68,86.0,184.68,38.5
160,260.0,281.5,232.6,241.64,ok,1615420800,28312493,259.48333333333306,2021-03-11 00:00:00,2021-03-11,32485.5898,32661.5898,32345.6992,32354.5,ok,1615473000,400020000,32313.92476666803,2021-03-11 14:30:00,2021-03-11,3,70,False,241.82933333333332,9.11376237102587e-06,295.5,262.27,295.5,172.35,295.5,172.35,295.5,172.35,348.5,172.0,210.8699,115.3,147.8699,86.0,184.68,40.0
161,264.5,295.5,262.27,274.9965,ok,1615507200,25845899,263.08333333333303,2021-03-12 00:00:00,2021-03-12,32778.6406,32793.3203,32462.4004,32462.4004,ok,1615559400,346400000,32600.68681666804,2021-03-12 14:30:00,2021-03-12,4,71,False,256.38666666666666,1.060477718341312e-05,283.0,206.0,283.0,172.35,283.0,172.35,283.0,172.35,281.5,232.6,249.85,127.5,151.53,99.97,184.68,40.0
162,220.14,283.0,206.0,277.52,ok,1615766400,24226187,241.56999999999968,2021-03-15 00:00:00,2021-03-15,32953.4609,32973.3984,32629.75,32798.8398,ok,1615815000,360080000,32817.208950001375,2021-03-15 13:30:00,2021-03-15,0,74,False,247.70666666666665,9.757210245260634e-06,220.7,172.35,231.47,172.35,231.47,172.35,231.47,118.62,295.5,262.27,348.5,146.1,210.8699,112.2,184.68,44.7
163,208.17,220.7,172.35,203.16,ok,1615852800,35422867,221.54833333333298,2021-03-16 00:00:00,2021-03-16,32825.9492,32966.75,32778.2305,32966.75,ok,1615901400,386370000,32860.56833333472,2021-03-16 13:30:00,2021-03-16,1,75,False,233.3273333333333,5.657550719050117e-06,231.47,204.0,231.47,182.66,231.47,177.55,231.47,116.9,283.0,206.0,348.5,172.0,249.85,113.12,184.68,86.0
164,209.81,231.47,204.0,217.84,ok,1615939200,16481589,210.98499999999967,2021-03-17 00:00:00,2021-03-17,33015.3711,33047.5781,32782.1797,32825.5195,ok,1615987800,391200000,32941.91210000139,2021-03-17 13:30:00,2021-03-17,2,76,False,222.07666666666665,1.3050521605248943e-05,218.88,195.65,227.0,182.66,227.0,118.62,227.0,116.9,220.7,172.35,348.5,172.0,348.5,115.3,210.8699,86.0
165,201.75,218.88,195.65,214.0,ok,1616025600,11799914,205.50666666666632,2021-03-18 00:00:00,2021-03-18,32862.3008,33227.7812,32831.25,32928.1602,ok,1616074200,418480000,32907.26563333473,2021-03-18 13:30:00,2021-03-18,3,77,False,211.81866666666664,1.7409166428388092e-05,227.0,182.66,227.0,177.55,227.0,116.9,227.0,116.9,231.47,204.0,295.5,206.0,348.5,127.5,249.85,99.97
166,200.27,227.0,182.66,195.73,ok,1616112000,24677297,202.35333333333298,2021-03-19 00:00:00,2021-03-19,32627.9707,32858.3594,32505.0703,32858.3594,ok,1616160600,811890000,32770.64746666808,2021-03-19 13:30:00,2021-03-19,4,78,False,204.95066666666665,8.238746731459283e-06,210.3562,186.1952,210.3562,118.62,218.93,116.9,0.0,0.0,218.88,195.65,295.5,172.35,348.5,146.1,348.5,112.2
167,194.49,210.3562,186.1952,205.26,ok,1616371200,10061505,197.6266666666663,2021-03-22 00:00:00,2021-03-22,32731.1992,32810.3516,32512.5293,32601.8203,ok,1616419800,383500000,32718.639966668095,2021-03-22 13:30:00,2021-03-22,0,81,False,200.438,1.9580947383120123e-05,201.75,177.55,201.75,116.9,218.93,116.9,0.0,0.0,227.0,182.66,283.0,172.35,348.5,172.0,348.5,113.12
168,181.75,201.75,177.55,197.5,ok,1616457600,14429145,189.08333333333292,2021-03-23 00:00:00,2021-03-23,32423.1504,32753.7695,32356.2793,32691.5,ok,1616506200,385840000,32559.97005000144,2021-03-23 13:30:00,2021-03-23,1,82,False,193.38866666666667,1.2961035921855844e-05,166.97,118.62,218.93,116.9,0.0,0.0,0.0,0.0,210.3562,186.1952,231.47,172.35,348.5,172.0,348.5,115.3
169,120.34,166.97,118.62,157.98,ok,1616544000,24177877,153.16833333333287,2021-03-24 00:00:00,2021-03-24,32420.0605,32787.9883,32418.1504,32470.8809,ok,1616592600,399390000,32472.946916668112,2021-03-24 13:30:00,2021-03-24,2,83,False,167.63066666666666,5.596438430057363e-06,187.5,116.9,218.93,116.9,0.0,0.0,0.0,0.0,201.75,177.55,231.47,182.66,295.5,172.35,348.5,127.5
170,183.75,187.5,116.9,123.49,ok,1616630400,50962337,162.2799999999995,2021-03-25 00:00:00,2021-03-25,32619.4805,32672.6895,32071.4102,32346.8105,ok,1616679000,411990000,32520.285483334785,2021-03-25 13:30:00,2021-03-25,3,84,False,168.97400000000002,3.192880786975422e-06,218.93,163.26,0.0,0.0,0.0,0.0,0.0,0.0,166.97,118.62,227.0,182.66,295.5,172.35,348.5,146.1
171,181.0,218.93,163.26,197.68,ok,1616716800,37371900,171.80666666666613,2021-03-26 00:00:00,2021-03-26,33072.8789,33098.8281,32681.0703,32681.0703,ok,1616765400,382170000,32812.94303333479,2021-03-26 13:30:00,2021-03-26,4,85,False,170.60066666666668,5.023292901886177e-06,193.9,173.6456,0.0,0.0,0.0,0.0,0.0,0.0,187.5,116.9,227.0,177.55,283.0,172.35,348.5,172.0
172,181.625,193.9,173.6456,180.75,ok,1616976000,9781105,181.77083333333272,2021-03-29 00:00:00,2021-03-29,33164.1406,33259.0,32905.1289,33087.5508,ok,1616976000,1119258112,33042.943350001464,2021-03-29 00:00:00,2021-03-29,0,88,False,173.72033333333334,1.871535646194031e-05,0.0,0.0,0.0,0.0,0.0,0.0,0.0,0.0,218.93,163.26,210.3562,118.62,231.47,172.35,348.5,172.0
